{
	"code":200,
	"message":"success",
	"total":5, 
	"time":22333893983
	"data":[
		{
			"cross_id":223, 
			"cross_name":"卡口1", 
			"alert_type":"low", 
			"cross_loaction":[113.331838888889,23.1206888888889],
			"cross_car_total":20
		}
	]
}